{
  "spec_hash": "df3b012309f3",
  "galois_loss": 0.43125334511465185,
  "galois_coherence": 0.5687466548853481,
  "equivalence_score": 0.010237439787936266,
  "is_verified": false,
  "run_count": 3,
  "pass_count": 0,
  "pass_rate": 0.0,
  "created_at": "2026-01-10T13:47:45.652681",
  "runs": [
    {
      "run_id": "run-1-1768070625",
      "passed": false,
      "verification_score": 0.0,
      "duration_ms": 120010.62404200275
    },
    {
      "run_id": "run-2-1768070745",
      "passed": false,
      "verification_score": 0.0,
      "duration_ms": 120012.23195800048
    },
    {
      "run_id": "run-3-1768070865",
      "passed": false,
      "verification_score": 0.0,
      "duration_ms": 120014.83725000071
    }
  ]
}